{"hello_acc": 0.0, "_timestamp": 1715856106.168944, "_runtime": 338.2535078525543, "_step": 464, "thanks_acc": 0.35384615384615387, "iloveyou_acc": 0.5692307692307692, "idle_acc": 0.8, "A_acc": 0.12307692307692308, "B_acc": 0.0, "C_acc": 0.0, "D_acc": 0.07692307692307693, "E_acc": 0.0, "F_acc": 0.0, "G_acc": 0.0, "H_acc": 0.9846153846153847, "I_acc": 0.046153846153846156, "J_acc": 0.0, "K_acc": 0.0, "L_acc": 0.0, "M_acc": 0.03076923076923077, "N_acc": 0.0, "O_acc": 0.0, "P_acc": 0.0, "Q_acc": 0.0, "R_acc": 0.0, "S_acc": 0.2153846153846154, "T_acc": 0.09230769230769231, "U_acc": 0.27692307692307694, "V_acc": 0.046153846153846156, "W_acc": 0.0, "X_acc": 0.0, "Y_acc": 0.06153846153846154, "Z_acc": 0.35384615384615387, "epoch": 14, "loss": 2.680433750152588, "train_accuracy": 0.13477366255144033, "val_loss": 3.131801128387451, "val_accuracy": null, "_wandb": {"runtime": 1473}}