{"hello_acc": 0.0, "_timestamp": 1715853674.2527153, "_runtime": 555.1237714290619, "_step": 587, "thanks_acc": 0.15384615384615385, "iloveyou_acc": 0.4307692307692308, "idle_acc": 1.0, "A_acc": 0.03076923076923077, "B_acc": 0.34375, "C_acc": 0.18461538461538463, "D_acc": 0.2, "E_acc": 0.5384615384615384, "F_acc": 0.40625, "G_acc": 0.03076923076923077, "H_acc": 0.9538461538461539, "I_acc": 0.0, "J_acc": 0.36923076923076925, "K_acc": 0.0, "L_acc": 0.0, "M_acc": 0.0, "N_acc": 0.0, "O_acc": 0.0, "P_acc": 0.0, "Q_acc": 0.0, "R_acc": 0.0, "S_acc": 0.015384615384615385, "T_acc": 0.015384615384615385, "U_acc": 0.0, "V_acc": 0.0, "W_acc": 0.0, "X_acc": 0.0, "Y_acc": 0.3384615384615385, "Z_acc": 0.6923076923076923, "epoch": 17, "loss": 2.57833194732666, "train_accuracy": null, "val_loss": 2.8101747035980225, "val_accuracy": null, "_wandb": {"runtime": 177}}