{"overall_accuracy": 0.15046296296296297, "gesture_0_acc": 0.05555555555555555, "gesture_1_acc": 0.2638888888888889, "gesture_2_acc": 0.2777777777777778, "gesture_3_acc": 0.2916666666666667, "gesture_4_acc": 0.09722222222222222, "gesture_5_acc": 0.041666666666666664, "gesture_6_acc": 0.3888888888888889, "gesture_7_acc": 0.2916666666666667, "gesture_8_acc": 0.2222222222222222, "gesture_9_acc": 0.013888888888888888, "gesture_10_acc": 0.06944444444444445, "gesture_11_acc": 0.08333333333333333, "gesture_12_acc": 0.027777777777777776, "gesture_13_acc": 0.0, "gesture_14_acc": 0.013888888888888888, "gesture_15_acc": 0.2361111111111111, "gesture_16_acc": 0.05555555555555555, "gesture_17_acc": 0.041666666666666664, "gesture_18_acc": 0.041666666666666664, "gesture_19_acc": 0.4027777777777778, "gesture_20_acc": 0.3333333333333333, "gesture_21_acc": 0.0, "gesture_22_acc": 0.027777777777777776, "gesture_23_acc": 0.06944444444444445, "gesture_24_acc": 0.027777777777777776, "gesture_25_acc": 0.041666666666666664, "gesture_26_acc": 0.2361111111111111, "gesture_27_acc": 0.05555555555555555, "gesture_28_acc": 0.16666666666666666, "gesture_29_acc": 0.6388888888888888, "gesture_30_acc": NaN, "_timestamp": 1715795919.6162329, "_runtime": 12228.954288959503, "_step": 2135, "confusion_matrix": {"_type": "image-file", "sha256": "847da9ca75afb19fe583a8b8c8b38e9c10cbeda6d2d1e17386f95f3abfe71353", "size": 11906, "path": "media/images/confusion_matrix_2001_847da9ca75afb19fe583.png", "format": "png", "width": 1000, "height": 1000}, "_wandb": {"runtime": 9678}}