{"hello_acc": 0.49230769230769234, "_timestamp": 1715865808.7939117, "_runtime": 8526.716782808304, "_step": 18600, "thanks_acc": 0.7692307692307693, "iloveyou_acc": 0.7846153846153846, "idle_acc": 1.0, "A_acc": 0.5230769230769231, "B_acc": 0.359375, "C_acc": 0.47692307692307695, "D_acc": 0.6923076923076923, "E_acc": 0.676923076923077, "F_acc": 1.0, "G_acc": 0.07692307692307693, "H_acc": 0.8615384615384616, "I_acc": 0.9846153846153847, "J_acc": 0.8153846153846154, "K_acc": 0.8615384615384616, "L_acc": 0.59375, "M_acc": 0.0, "N_acc": 0.0, "O_acc": 0.3384615384615385, "P_acc": 0.640625, "Q_acc": 0.4153846153846154, "R_acc": 0.0, "S_acc": 0.0, "T_acc": 0.9384615384615385, "U_acc": 0.0, "V_acc": 0.24615384615384617, "W_acc": 0.9538461538461539, "X_acc": 0.34375, "Y_acc": 0.8615384615384616, "Z_acc": 0.8153846153846154, "epoch": 599, "loss": 0.2529199421405792, "train_accuracy": 0.5509259259259259, "val_loss": 2.5239009857177734, "val_accuracy": null, "confusion_matrix": {"_type": "image-file", "sha256": "847da9ca75afb19fe583a8b8c8b38e9c10cbeda6d2d1e17386f95f3abfe71353", "size": 11906, "path": "media/images/confusion_matrix_18600_847da9ca75afb19fe583.png", "format": "png", "width": 1000, "height": 1000}, "_wandb": {"runtime": 9372}}